,algo,modularity - real,modularity - algo,jaccard,graph_conductance,graph_sensitivity,graph_accuracy,num communities - real,num communities - algo,num_coms_divided,num_coms_skipped,time-sec
0,Louvain,0.5651039498757614,0.5636026393448945,0.810580204778157,0.6033446269119329,1.0,0.9455157322858251,32,28,,,0.07905619999999658
1,louvain-ILP-num_com_bound 100,0.5651039498757614,0.5658864853692724,0.9079154486170452,0.6018445247485792,1.0,0.9746794344808963,32,30,,,0.35611740000000225
2,louvain-ILP-num_com_bound 150,0.5651039498757614,0.5658864853692726,0.9079154486170452,0.6018445247485791,1.0,0.9746794344808963,32,30,,,0.5099979999999817
3,louvain-ILP-num_com_bound 200,0.5651039498757614,0.5658864853692726,0.9079154486170452,0.6018445247485791,1.0,0.9746794344808963,32,30,,,0.4445652999999936
