,algo,modularity - real,modularity - algo,jaccard,graph_conductance,graph_sensitivity,graph_accuracy,num communities - real,num communities - algo,num_coms_divided,num_coms_skipped,time-sec
0,Louvain,0.3969281954957509,0.40641851012002617,0.19212305889507103,0.4224910235441909,0.9985,0.5168159730503693,300,61,,,2.0805562999998983
1,louvain-ILP-num_com_bound 100,0.3969281954957509,0.4070692601765459,0.1954524233218082,0.4228502902325695,0.9989,0.5211534418959545,300,62,,,23.72440949999998
2,louvain-ILP-num_com_bound 150,0.3969281954957509,0.4066419373811171,0.19360669358482865,0.42292145927873404,0.9973,0.5189132875539033,300,61,,,37.59238740000001
3,louvain-ILP-num_com_bound 200,0.3969281954957509,0.4066529091143979,0.19448108057662836,0.42294255560373495,0.9979,0.5197417916619752,300,61,,,29.337651700000038
