,algo,modularity - real,modularity - algo,jaccard,graph_conductance,graph_sensitivity,graph_accuracy,num communities - real,num communities - algo,num_coms_divided,num_coms_skipped,time-sec
0,Louvain,0.36593922379923355,0.3661350767713609,0.5322651374599426,0.41935948294254277,0.988,0.8099580236036927,32,19,,,0.2407140000000112
1,louvain-ILP-num_com_bound 100,0.36593922379923355,0.3607318709790203,0.5153689584986373,0.40968929220381545,0.957,0.8248799912714575,32,21,,,2.3413268999999985
2,louvain-ILP-num_com_bound 150,0.36593922379923355,0.3606294255835994,0.510261780104712,0.41149675441634637,0.951,0.8106423379024809,32,21,,,2.4351819999999975
3,louvain-ILP-num_com_bound 200,0.36593922379923355,0.3659124460095226,0.6055987558320374,0.4112881329011162,0.982,0.8553303455390788,32,23,,,3.7922275999999897
