,algo,modularity - real,modularity - algo,jaccard,graph_conductance,graph_sensitivity,graph_accuracy,num communities - real,num communities - algo,num_coms_divided,num_coms_skipped,time-sec
0,Louvain,0.4630612370167847,0.46305854002159924,0.8664412096260354,0.5041631262095576,1.0,0.9513148795220224,29,25,,,0.10580070000000319
1,louvain-ILP-num_com_bound 100,0.4630612370167847,0.462354607208597,0.8303436555891238,0.5041441111258607,0.998,0.9466805163306151,29,25,,,0.32233659999999986
2,louvain-ILP-num_com_bound 150,0.4630612370167847,0.4624504273508359,0.822437750629488,0.5042293956295538,0.999,0.9429262961652942,29,25,,,0.3874878000000024
3,louvain-ILP-num_com_bound 200,0.4630612370167847,0.4617851912978686,0.8408165221141406,0.5035350402543073,0.997,0.9462061086253882,29,25,,,0.43026899999999557
