,algo,modularity - real,modularity - algo,jaccard,graph_conductance,graph_sensitivity,graph_accuracy,num communities - real,num communities - algo,num_coms_divided,num_coms_skipped,time-sec
0,Louvain,0.4651895380331448,0.4637185381542383,0.8405501287845653,0.503887760159154,1.0,0.9534149149242422,30,27,,,0.09931249999999636
1,louvain-ILP-num_com_bound 100,0.4651895380331448,0.46547768662510497,0.9260587888847245,0.5030608042670687,1.0,0.9792854537876073,30,28,,,0.38486890000000074
2,louvain-ILP-num_com_bound 150,0.4651895380331448,0.4634107752428472,0.7915427211569265,0.5056343543246051,1.0,0.9418067742376883,30,26,,,0.5118676000000022
3,louvain-ILP-num_com_bound 200,0.4651895380331448,0.46434992498983796,0.8397339418361898,0.504225029611779,1.0,0.9586448768965492,30,27,,,0.41648899999999855
