,algo,modularity - real,modularity - algo,jaccard,graph_conductance,graph_sensitivity,graph_accuracy,num communities - real,num communities - algo,num_coms_divided,num_coms_skipped,time-sec
0,Louvain,0.3654539859939799,0.36462234942655614,0.5417622124939198,0.4154106511118816,0.979,0.8218941537692064,32,20,,,0.12119219999999942
1,louvain-ILP-num_com_bound 100,0.3654539859939799,0.3551387784276552,0.41466299943808593,0.4105746943828522,0.923,0.7697830863301688,32,20,,,2.6708333999999994
2,louvain-ILP-num_com_bound 150,0.3654539859939799,0.3665693434678993,0.6448905710054303,0.410748340289654,0.982,0.8718187885105482,32,23,,,0.9838965000000002
3,louvain-ILP-num_com_bound 200,0.3654539859939799,0.36226591638413536,0.511756427419078,0.4114036784886529,0.959,0.8134555919040694,32,21,,,6.828276499999998
