,algo,modularity - real,modularity - algo,jaccard,graph_conductance,graph_sensitivity,graph_accuracy,num communities - real,num communities - algo,num_coms_divided,num_coms_skipped,time-sec
0,Louvain,0.4619237222205238,0.4599531179539921,0.7087425535340525,0.5083915301231983,1.0,0.8977750274985377,30,22,,,0.1361550999999963
1,louvain-ILP-num_com_bound 100,0.4619237222205238,0.46164042905898284,0.7638870707335166,0.5059829515015934,0.997,0.9200288038969214,30,24,,,0.7676342999999974
2,louvain-ILP-num_com_bound 150,0.4619237222205238,0.4618839653568574,0.8082625659857701,0.5050666323742767,1.0,0.9386160024205852,30,25,,,0.5701900000000109
3,louvain-ILP-num_com_bound 200,0.4619237222205238,0.4617697874772499,0.7729734489894765,0.5066243812471724,0.998,0.9253561476534319,30,24,,,0.6591774000000044
