,algo,modularity - real,modularity - algo,jaccard,graph_conductance,graph_sensitivity,graph_accuracy,num communities - real,num communities - algo,num_coms_divided,num_coms_skipped,time-sec
0,Louvain,0.5654066741914018,0.5658460815871612,0.9399176012817578,0.6032035838754183,1.0,0.9787747442593725,32,30,,,0.11629379999999401
1,louvain-ILP-num_com_bound 100,0.5654066741914018,0.5658460815871613,0.9399176012817578,0.6032035838754184,1.0,0.9787747442593725,32,30,,,0.38769659999999817
2,louvain-ILP-num_com_bound 150,0.5654066741914018,0.5658460815871613,0.9399176012817578,0.6032035838754184,1.0,0.9787747442593725,32,30,,,0.36327989999998067
3,louvain-ILP-num_com_bound 200,0.5654066741914018,0.5658460815871612,0.9399176012817578,0.6032035838754183,1.0,0.9787747442593725,32,30,,,0.49749270000000934
