,algo,modularity - real,modularity - algo,jaccard,graph_conductance,graph_sensitivity,graph_accuracy,num communities - real,num communities - algo,num_coms_divided,num_coms_skipped,time-sec
0,Louvain,0.5643987132051204,0.5644632084975291,0.9492049469964664,0.6009762314591709,1.0,0.9884331034521254,30,29,,,0.11497250000002168
1,louvain-ILP-num_com_bound 100,0.5643987132051204,0.563687054563525,0.8575418994413407,0.6021973818797222,1.0,0.96591925128346,30,28,,,0.40452510000000075
2,louvain-ILP-num_com_bound 150,0.5643987132051204,0.5634920459490071,0.8847262247838616,0.6019823156533646,1.0,0.973139250056229,30,28,,,0.3925669000000198
3,louvain-ILP-num_com_bound 200,0.5643987132051204,0.5644632084975291,0.9492049469964664,0.600976231459171,1.0,0.9884331034521254,30,29,,,0.29063380000002326
