,algo,modularity - real,modularity - algo,jaccard,graph_conductance,graph_sensitivity,graph_accuracy,num communities - real,num communities - algo,num_coms_divided,num_coms_skipped,time-sec
0,Louvain,0.3628868337428334,0.3571123831563641,0.5422737699092172,0.4110234509873396,0.937,0.8264823047107542,28,19,,,0.1270819999999997
1,louvain-ILP-num_com_bound 100,0.3628868337428334,0.35706591144023503,0.5503292568203199,0.4085092257993497,0.954,0.841915672736884,28,20,,,0.5041632000000007
2,louvain-ILP-num_com_bound 150,0.3628868337428334,0.3591859031603554,0.6216475752795116,0.4099714956860475,0.992,0.8908422980528036,28,21,,,0.3382860999999995
3,louvain-ILP-num_com_bound 200,0.3628868337428334,0.36087630642280677,0.7058063474117742,0.40641916912267584,0.967,0.9001922016991704,28,22,,,0.7613617000000001
