,algo,modularity - real,modularity - algo,jaccard,graph_conductance,graph_sensitivity,graph_accuracy,num communities - real,num communities - algo,num_coms_divided,num_coms_skipped,time-sec
0,Louvain,0.5682265777777779,0.5685814577777779,0.9398688915375447,0.6031546275561295,1.0,0.9782637681116478,33,31,,,0.10125329999999622
1,louvain-ILP-num_com_bound 100,0.5682265777777779,0.5685814577777778,0.9398688915375447,0.6031546275561294,1.0,0.9782637681116478,33,31,,,0.6183622000000071
2,louvain-ILP-num_com_bound 150,0.5682265777777779,0.5668378311111111,0.8692129629629629,0.6039808536796873,1.0,0.9622889378975527,33,30,,,0.5061163999999962
3,louvain-ILP-num_com_bound 200,0.5682265777777779,0.5685814577777779,0.9398688915375447,0.6031546275561294,1.0,0.9782637681116478,33,31,,,0.5350853999999856
