,algo,modularity - real,modularity - algo,jaccard,graph_conductance,graph_sensitivity,graph_accuracy,num communities - real,num communities - algo,num_coms_divided,num_coms_skipped,time-sec
0,Louvain,0.4642333860806048,0.4645870465854302,0.8567025415592946,0.5039065618125065,0.999,0.9524137756248594,31,27,,,0.10819569999999601
1,louvain-ILP-num_com_bound 100,0.4642333860806048,0.4610029022129324,0.7292786786528452,0.5064199995128035,0.999,0.9182352639710588,31,25,,,0.44439640000000225
2,louvain-ILP-num_com_bound 150,0.4642333860806048,0.46482842105771227,0.8552072800808898,0.5041851692245387,0.998,0.9503630885088078,31,27,,,1.3889283000000034
3,louvain-ILP-num_com_bound 200,0.4642333860806048,0.4645882201918353,0.8845010172674631,0.502884884580964,0.999,0.9618076730823061,31,28,,,0.5368990999999994
