,algo,modularity - real,modularity - algo,jaccard,graph_conductance,graph_sensitivity,graph_accuracy,num communities - real,num communities - algo,num_coms_divided,num_coms_skipped,time-sec
0,Louvain,0.5605178997159381,0.5603823126840164,0.9956990361695512,0.6001963343892035,0.999,0.999,27,27,,,0.09666090000001759
1,louvain-ILP-num_com_bound 100,0.5605178997159381,0.5590681690395932,0.9325842696629213,0.6009845275842325,1.0,0.985393322486001,27,26,,,0.2596422000000018
2,louvain-ILP-num_com_bound 150,0.5605178997159381,0.560517899715938,1.0,0.6003358362756488,1.0,1.0,27,27,,,0.2829630000000236
3,louvain-ILP-num_com_bound 200,0.5605178997159381,0.560517899715938,1.0,0.6003358362756486,1.0,1.0,27,27,,,0.2959357999999952
