,algo,modularity - real,modularity - algo,jaccard,graph_conductance,graph_sensitivity,graph_accuracy,num communities - real,num communities - algo,num_coms_divided,num_coms_skipped,time-sec
0,Louvain,0.5650203396564043,0.5642811346139721,0.8942453033901965,0.6025806514048355,1.0,0.9648834126463155,31,28,,,0.13419740000000502
1,louvain-ILP-num_com_bound 100,0.5650203396564043,0.5652591407434117,0.9412466617421444,0.6019270474439364,1.0,0.9777525249264253,31,29,,,0.43163700000002336
2,louvain-ILP-num_com_bound 150,0.5650203396564043,0.5651306929337846,0.9114669307802356,0.6026555403217717,1.0,0.96591925128346,31,28,,,0.35284420000002115
3,louvain-ILP-num_com_bound 200,0.5650203396564043,0.5652591407434115,0.9412466617421444,0.6019270474439364,1.0,0.9777525249264253,31,29,,,0.36486839999997756
