,algo,modularity - real,modularity - algo,jaccard,graph_conductance,graph_sensitivity,graph_accuracy,num communities - real,num communities - algo,num_coms_divided,num_coms_skipped,time-sec
0,Louvain,0.4669657908277992,0.4646030158210402,0.7428504890544947,0.5050408930551965,0.997,0.9356099614689873,32,27,,,0.12928850000000125
1,louvain-ILP-num_com_bound 100,0.4669657908277992,0.4676578077257833,0.8056448372840498,0.5060061194242115,1.0,0.9402127418834527,32,27,,,0.5715125999999913
2,louvain-ILP-num_com_bound 150,0.4669657908277992,0.4676578077257834,0.8056448372840498,0.5060061194242114,1.0,0.9402127418834527,32,27,,,0.6611073999999917
3,louvain-ILP-num_com_bound 200,0.4669657908277992,0.4676578077257834,0.8056448372840498,0.5060061194242114,1.0,0.9402127418834527,32,27,,,0.5451360999999935
