,algo,modularity - real,modularity - algo,jaccard,graph_conductance,graph_sensitivity,graph_accuracy,num communities - real,num communities - algo,num_coms_divided,num_coms_skipped,time-sec
0,Louvain,0.3633626146819131,0.3504061731945199,0.421013391448972,0.41077896396398894,0.924,0.7526034812568967,30,18,,,0.37531209999999504
1,louvain-ILP-num_com_bound 100,0.3633626146819131,0.3601633082570763,0.5191769811927343,0.4143913629379109,0.97,0.8133510927022843,30,20,,,1.8944600000000023
2,louvain-ILP-num_com_bound 150,0.3633626146819131,0.35067712544363605,0.31346742819303036,0.42108135583488027,0.943,0.7089562750974139,30,16,,,1.5470206999999974
3,louvain-ILP-num_com_bound 200,0.3633626146819131,0.3547410001824308,0.4629084443408051,0.41550027161703285,0.951,0.7789338867965625,30,18,,,7.5885774999999995
