,algo,modularity - real,modularity - algo,jaccard,graph_conductance,graph_sensitivity,graph_accuracy,num communities - real,num communities - algo,num_coms_divided,num_coms_skipped,time-sec
0,Louvain,0.5647331582907105,0.56540968029294,0.8868343195266272,0.6031452190466156,1.0,0.96591925128346,31,28,,,0.1274456000000157
1,louvain-ILP-num_com_bound 100,0.5647331582907105,0.5654096802929399,0.8868343195266272,0.6031452190466154,1.0,0.96591925128346,31,28,,,0.44907380000000785
2,louvain-ILP-num_com_bound 150,0.5647331582907105,0.56540968029294,0.8868343195266272,0.6031452190466154,1.0,0.96591925128346,31,28,,,0.4716984000000082
3,louvain-ILP-num_com_bound 200,0.5647331582907105,0.56540968029294,0.8868343195266272,0.6031452190466156,1.0,0.96591925128346,31,28,,,0.589465099999984
