,algo,modularity - real,modularity - algo,jaccard,graph_conductance,graph_sensitivity,graph_accuracy,num communities - real,num communities - algo,num_coms_divided,num_coms_skipped,time-sec
0,Louvain,0.36468884182450845,0.36309647150606145,0.6538164369078118,0.4068587245357602,0.978,0.8905941836773918,30,24,,,0.11012599999999928
1,louvain-ILP-num_com_bound 100,0.36468884182450845,0.3525569561267017,0.46326338866269967,0.40910059631695705,0.938,0.7874122173296525,30,20,,,0.7599579999999992
2,louvain-ILP-num_com_bound 150,0.36468884182450845,0.36217139633677675,0.7263697532842038,0.4022661194922914,0.972,0.9126905280542797,30,26,,,0.5803904000000006
3,louvain-ILP-num_com_bound 200,0.36468884182450845,0.3610247590909937,0.6426712575569524,0.40673984701373433,0.976,0.8741899107173452,30,23,,,2.4415058999999992
