,algo,modularity - real,modularity - algo,jaccard,graph_conductance,graph_sensitivity,graph_accuracy,num communities - real,num communities - algo,num_coms_divided,num_coms_skipped,time-sec
0,Louvain,0.36590173127859366,0.3583784578830141,0.5241432207230764,0.40747294910976983,0.947,0.8176686370407024,31,21,,,0.15766019999999514
1,louvain-ILP-num_com_bound 100,0.36590173127859366,0.36086212969720616,0.5023430796647086,0.4140267298285225,0.952,0.8039950248602288,31,20,,,0.5997802000000121
2,louvain-ILP-num_com_bound 150,0.36590173127859366,0.36142119763025676,0.5205811138014528,0.41181422064948714,0.946,0.8293021162399141,31,21,,,0.7904965000000033
3,louvain-ILP-num_com_bound 200,0.36590173127859366,0.36651852955749786,0.558601592246452,0.4169126986564272,0.988,0.8375440286934174,31,21,,,1.1443401999999878
