,algo,modularity - real,modularity - algo,jaccard,graph_conductance,graph_sensitivity,graph_accuracy,num communities - real,num communities - algo,num_coms_divided,num_coms_skipped,time-sec
0,Louvain,0.3962178701979296,0.4056707343600454,0.1947211206381538,0.4221235044552981,0.9982,0.521353872144439,303,61,,,2.5051360000000216
1,louvain-ILP-num_com_bound 100,0.3962178701979296,0.4057598215617405,0.19244288719482341,0.42224202389440746,0.9979,0.5111264227175112,303,61,,,3.615180500000008
2,louvain-ILP-num_com_bound 150,0.3962178701979296,0.4059883440166945,0.19864282094721913,0.421706242880285,0.9986,0.5253694319238605,303,62,,,21.623927500000008
3,louvain-ILP-num_com_bound 200,0.3962178701979296,0.4058397959338021,0.2047918604276332,0.42160522547759083,0.9993,0.5283979750150448,303,64,,,57.440795699999995
