,algo,modularity - real,modularity - algo,jaccard,graph_conductance,graph_sensitivity,graph_accuracy,num communities - real,num communities - algo,num_coms_divided,num_coms_skipped,time-sec
0,Louvain,0.5670023498807427,0.5667882723099793,0.922564226854096,0.6006303221351771,1.0,0.9762171889492625,34,32,,,0.10655210000000181
1,louvain-ILP-num_com_bound 100,0.5670023498807427,0.5671244570865778,0.9664847022978291,0.5998630851138828,1.0,0.9889388252060892,34,33,,,0.4357554999999991
2,louvain-ILP-num_com_bound 150,0.5670023498807427,0.5671244570865778,0.9664847022978291,0.5998630851138829,1.0,0.9889388252060892,34,33,,,0.36531670000000815
3,louvain-ILP-num_com_bound 200,0.5670023498807427,0.5671244570865779,0.9664847022978291,0.5998630851138828,1.0,0.9889388252060892,34,33,,,0.40050250000000176
