,algo,modularity - real,modularity - algo,jaccard,graph_conductance,graph_sensitivity,graph_accuracy,num communities - real,num communities - algo,num_coms_divided,num_coms_skipped,time-sec
0,Louvain,0.46332977527834485,0.4610684827934685,0.7685311305417637,0.5040121304840905,1.0,0.9375499986667378,30,25,,,0.08008199999999022
1,louvain-ILP-num_com_bound 100,0.46332977527834485,0.4636550586069772,0.879119217978434,0.5029970886316631,0.999,0.9644008502692228,30,27,,,0.3416218999999927
2,louvain-ILP-num_com_bound 150,0.46332977527834485,0.46365505860697726,0.879119217978434,0.502997088631663,0.999,0.9644008502692228,30,27,,,0.40734390000000076
3,louvain-ILP-num_com_bound 200,0.46332977527834485,0.46365505860697714,0.879119217978434,0.5029970886316631,0.999,0.9644008502692228,30,27,,,0.3964045000000027
