,algo,modularity - real,modularity - algo,jaccard,graph_conductance,graph_sensitivity,graph_accuracy,num communities - real,num communities - algo,num_coms_divided,num_coms_skipped,time-sec
0,Louvain,0.4632046281632708,0.4635046746534563,0.9277361162095548,0.5019255004186411,1.0,0.9757048734120374,29,27,,,0.16748789999999758
1,louvain-ILP-num_com_bound 100,0.4632046281632708,0.4635046746534563,0.9277361162095548,0.501925500418641,1.0,0.9757048734120374,29,27,,,0.47263920000000326
2,louvain-ILP-num_com_bound 150,0.4632046281632708,0.46262259771761816,0.845892703452233,0.5030236548672729,1.0,0.9544631999192007,29,26,,,0.368280900000002
3,louvain-ILP-num_com_bound 200,0.4632046281632708,0.46082392530002564,0.7787782485875706,0.5040171427418727,0.999,0.9445141608255537,29,25,,,0.4738985999999983
