,algo,modularity - real,modularity - algo,jaccard,graph_conductance,graph_sensitivity,graph_accuracy,num communities - real,num communities - algo,num_coms_divided,num_coms_skipped,time-sec
0,Louvain,0.564746858660384,0.564746858660384,1.0,0.5995132714833975,1.0,1.0,33,33,,,0.09173719999998298
1,louvain-ILP-num_com_bound 100,0.564746858660384,0.5633842251017835,0.9435719830417388,0.6000762555155097,1.0,0.9864076236526155,33,32,,,0.4282168000000013
2,louvain-ILP-num_com_bound 150,0.564746858660384,0.564746858660384,1.0,0.5995132714833975,1.0,1.0,33,33,,,0.5374523999999781
3,louvain-ILP-num_com_bound 200,0.564746858660384,0.5647468586603841,1.0,0.5995132714833975,1.0,1.0,33,33,,,0.5158370000000048
