,algo,modularity - real,modularity - algo,jaccard,graph_conductance,graph_sensitivity,graph_accuracy,num communities - real,num communities - algo,num_coms_divided,num_coms_skipped,time-sec
0,Louvain,0.3631479029821211,0.3618248644095072,0.5689667475381761,0.4111052597430507,0.962,0.8397297184213501,30,21,,,0.13451129999999978
1,louvain-ILP-num_com_bound 100,0.3631479029821211,0.3524562711826166,0.44308681672025724,0.4137466008978271,0.93,0.7726965769304275,30,19,,,0.5804068000000004
2,louvain-ILP-num_com_bound 150,0.3631479029821211,0.3602166726152872,0.4755365065950318,0.4163280924663202,0.956,0.7913153606495958,30,19,,,1.1418235999999995
3,louvain-ILP-num_com_bound 200,0.3631479029821211,0.36289316112054076,0.600999629766753,0.4122622014991073,0.969,0.8519278138434031,30,21,,,2.753059499999999
